{
  "accuracy": [
    0.28733333945274353,
    0.4148666560649872,
    0.4697999954223633,
    0.5074889063835144,
    0.5329333543777466,
    0.5547333359718323,
    0.577488899230957,
    0.5908222198486328,
    0.6075999736785889,
    0.6174222230911255,
    0.6332888603210449,
    0.63919997215271,
    0.647266685962677,
    0.6603111028671265,
    0.6652888655662537,
    0.6739555597305298
  ],
  "loss": [
    1.9334393739700317,
    1.6164225339889526,
    1.4910944700241089,
    1.3917784690856934,
    1.324559211730957,
    1.2764942646026611,
    1.2226366996765137,
    1.1899052858352661,
    1.153079628944397,
    1.124569058418274,
    1.0928049087524414,
    1.0687037706375122,
    1.0538346767425537,
    1.0285370349884033,
    1.0072563886642456,
    0.9924446940422058
  ],
  "val_accuracy": [
    0.39399999380111694,
    0.4431999921798706,
    0.5278000235557556,
    0.5604000091552734,
    0.5307999849319458,
    0.574400007724762,
    0.605400025844574,
    0.6140000224113464,
    0.6222000122070312,
    0.6212000250816345,
    0.6086000204086304,
    0.652400016784668,
    0.6553999781608582,
    0.6618000268936157,
    0.6704000234603882,
    0.6639999747276306
  ],
  "val_loss": [
    1.653372883796692,
    1.5752896070480347,
    1.3383225202560425,
    1.2660366296768188,
    1.3942621946334839,
    1.2850300073623657,
    1.1640903949737549,
    1.1439571380615234,
    1.164582371711731,
    1.1613956689834595,
    1.2062718868255615,
    1.047380805015564,
    1.064902901649475,
    1.044085144996643,
    1.0110270977020264,
    1.0376940965652466
  ]
}