{
  "accuracy": [
    0.31886667013168335,
    0.47662222385406494,
    0.5441333055496216,
    0.587755560874939,
    0.6190444231033325,
    0.6363555788993835,
    0.6508444547653198,
    0.6641333103179932,
    0.6779333353042603,
    0.6868000030517578,
    0.6933110952377319,
    0.7041333317756653,
    0.7140889167785645,
    0.7202000021934509,
    0.724311113357544,
    0.7325111031532288,
    0.7329333424568176,
    0.7398666739463806,
    0.7451555728912354,
    0.7497333288192749,
    0.7539555430412292,
    0.7599999904632568,
    0.7653111219406128,
    0.7675999999046326,
    0.7724666595458984,
    0.7754889130592346,
    0.7820000052452087,
    0.7845555543899536,
    0.7874666452407837,
    0.7918888926506042,
    0.7958666682243347,
    0.7983777523040771,
    0.8020666837692261,
    0.8042888641357422,
    0.8079777956008911,
    0.8149333596229553,
    0.8136000037193298
  ],
  "loss": [
    1.8465685844421387,
    1.474882960319519,
    1.325305700302124,
    1.2323590517044067,
    1.1592273712158203,
    1.1181432008743286,
    1.0821313858032227,
    1.0566385984420776,
    1.0285433530807495,
    1.0049926042556763,
    0.986982524394989,
    0.9629062414169312,
    0.9495786428451538,
    0.9325523376464844,
    0.9242078065872192,
    0.906001627445221,
    0.8967313170433044,
    0.8810226321220398,
    0.8659771084785461,
    0.8515636324882507,
    0.8424361944198608,
    0.8273264169692993,
    0.81325364112854,
    0.806027889251709,
    0.7921195030212402,
    0.7815847396850586,
    0.765066385269165,
    0.7601715326309204,
    0.7484065294265747,
    0.7336379289627075,
    0.7253621220588684,
    0.7130213379859924,
    0.6993922591209412,
    0.6932342648506165,
    0.6844440698623657,
    0.6645700931549072,
    0.6647666692733765
  ],
  "val_accuracy": [
    0.46860000491142273,
    0.5342000126838684,
    0.5709999799728394,
    0.6492000222206116,
    0.6330000162124634,
    0.6481999754905701,
    0.6618000268936157,
    0.656000018119812,
    0.6844000220298767,
    0.6779999732971191,
    0.7003999948501587,
    0.6991999745368958,
    0.7006000280380249,
    0.7264000177383423,
    0.7257999777793884,
    0.7098000049591064,
    0.7360000014305115,
    0.7197999954223633,
    0.7368000149726868,
    0.7329999804496765,
    0.7522000074386597,
    0.7523999810218811,
    0.7599999904632568,
    0.7616000175476074,
    0.7674000263214111,
    0.7436000108718872,
    0.7562000155448914,
    0.7712000012397766,
    0.7468000054359436,
    0.7784000039100647,
    0.753600001335144,
    0.7652000188827515,
    0.769599974155426,
    0.767799973487854,
    0.7620000243186951,
    0.7652000188827515,
    0.7716000080108643
  ],
  "val_loss": [
    1.4380073547363281,
    1.3473535776138306,
    1.2858686447143555,
    1.0656685829162598,
    1.142317771911621,
    1.102188229560852,
    1.0968929529190063,
    1.098114013671875,
    1.019836664199829,
    1.050337553024292,
    1.0025211572647095,
    0.9711304903030396,
    1.0478827953338623,
    0.9269164204597473,
    0.9459060430526733,
    0.9954051971435547,
    0.9200956225395203,
    0.9714516401290894,
    0.9250893592834473,
    0.9174613356590271,
    0.8610013723373413,
    0.8732235431671143,
    0.8591777086257935,
    0.8411810398101807,
    0.8266537189483643,
    0.9085330367088318,
    0.8835185766220093,
    0.7996786236763,
    0.9139682650566101,
    0.7925238609313965,
    0.8842045664787292,
    0.8299453258514404,
    0.8275858163833618,
    0.8435806632041931,
    0.8587560653686523,
    0.835743248462677,
    0.8054686188697815
  ]
}